pred_prob,pred,img_file
"[9.1910440e-01 2.2390552e-04 1.7546252e-03 8.5042557e-04 6.1491686e-05
 2.4246352e-03 3.7929926e-02 1.8218083e-03 3.5828780e-02]",buoy,./app/static/uploads/c_20201210_174005/beach-buoy-w-water-sea-ocean-1042883.jpg
